,bol_lower,bol_upper,moving_average,at,open,close,min,max,n_max,n_min,%k,%d,STOCHk_14_3_3,STOCHd_14_3_3,CDL2CROWS,CDL3BLACKCROWS,CDL3INSIDE,CDL3LINESTRIKE,CDL3OUTSIDE,CDL3STARSINSOUTH,CDL3WHITESOLDIERS,CDLABANDONEDBABY,CDLADVANCEBLOCK,CDLBELTHOLD,CDLBREAKAWAY,CDLCLOSINGMARUBOZU,CDLCONCEALBABYSWALL,CDLDARKCLOUDCOVER,CDLDOJI,CDLDOJISTAR,CDLDRAGONFLYDOJI,CDLENGULFING,CDLEVENINGDOJISTAR,CDLEVENINGSTAR,CDLGAPSIDESIDEWHITE,CDLGRAVESTONEDOJI,CDLHAMMER,CDLHANGINGMAN,CDLHARAMI,CDLHARAMICROSS,CDLHIGHWAVE,CDLHIKKAKE,CDLHIKKAKEMOD,CDLHOMINGPIGEON,CDLIDENTICAL3CROWS,CDLINNECK,CDLINVERTEDHAMMER,CDLKICKING,CDLLADDERBOTTOM,CDLLONGLEGGEDDOJI,CDLMARUBOZU,CDLMATCHINGLOW,CDLMATHOLD,CDLMORNINGDOJISTAR,CDLMORNINGSTAR,CDLONNECK,CDLPIERCING,CDLRICKSHAWMAN,CDLRISEFALL3METHODS,CDLSEPARATINGLINES,CDLSHOOTINGSTAR,CDLSPINNINGTOP,CDLSTICKSANDWICH,CDLTAKURI,CDLTASUKIGAP,CDLTHRUSTING,CDLTRISTAR,CDLUNIQUE3RIVER,CDLUPSIDEGAP2CROWS,CDLXSIDEGAP3METHODS,candlestick_pattern,candlestick_match_count
19,1.0902203951982579,1.0905866048017423,1.0904035,1687763520001709093,1.09049,1.09054,1.090455,1.090615,1.090615,1.090195,82.14285714289302,85.96681096681341,85.96681096681341,79.36107102774014,0,0,0,0,0,0,0,0,0,0,0,0,0,0,0,0,0,0,0,0,0,0,0,0,0,0,0,0,0,0,0,0,0,0,0,0,0,0,0,0,0,0,0,0,0,0,0,0,0,0,0,0,0,0,0,0,NO_PATTERN,0.0
20,1.0902262678231902,1.0905767321768098,1.0904015,1687763580000000000,1.090545,1.09055,1.090475,1.090635,1.090635,1.090195,80.68181818179238,83.06277056276576,83.06277056276578,84.28932178932213,0,0,0,0,0,0,0,0,0,0,0,0,0,0,0,0,0,0,0,0,0,0,0,0,0,0,0,0,0,0,0,0,0,0,0,0,0,0,0,0,0,0,0,0,0,0,0,0,0,0,0,0,0,0,0,0,NO_PATTERN,0.0
21,1.0902077877080965,1.0905702122919032,1.0903889999999998,1687763640000000000,1.09055,1.09025,1.090215,1.09061,1.090635,1.090195,12.499999999981076,58.44155844155549,58.44155844155549,75.82371332371154,0,0,0,0,0,0,0,0,0,0,0,0,0,0,0,0,0,0,0,0,0,0,0,0,0,0,0,0,0,0,0,0,0,0,0,0,0,0,0,0,0,0,0,0,0,0,0,0,0,0,0,0,0,0,0,0,NO_PATTERN,0.0
22,1.0901935324961698,1.0905704675038301,1.090382,1687763700000000000,1.09025,1.09027,1.090235,1.090355,1.090635,1.090195,17.045454545465443,36.742424242412966,36.74242424241297,59.41558441557806,0,0,0,0,0,0,0,0,0,0,0,0,0,0,0,0,0,0,0,0,0,0,0,0,0,0,0,0,0,0,0,0,0,0,0,0,0,0,0,0,0,0,0,0,0,0,0,0,0,0,0,0,0,0,0,0,NO_PATTERN,0.0
23,1.0901921582054377,1.0905688417945623,1.0903805,1687763760000000000,1.090255,1.09037,1.09025,1.09042,1.090635,1.090195,39.77272727273588,23.106060606060797,23.106060606060804,39.43001443000974,0,0,0,0,0,0,0,0,0,0,0,0,0,0,0,0,0,0,0,0,0,0,0,0,0,0,0,0,0,0,0,0,0,0,0,0,0,0,0,0,0,0,0,0,0,0,0,0,0,0,0,0,0,0,0,0,NO_PATTERN,0.0
24,1.0901387193003684,1.0905827806996313,1.0903607499999999,1687763820002098041,1.09036,1.09009,1.090055,1.09038,1.090635,1.090055,6.03448275862168,20.95088819227433,20.950888192274338,26.93312434691602,0,0,0,0,0,0,0,0,0,0,0,0,0,0,0,0,0,0,0,0,0,0,0,0,0,0,0,-200,0,0,0,0,0,0,0,0,0,0,0,0,0,0,0,0,0,0,0,0,0,0,0,0,0,0,0,0,CDLHIKKAKE_Bear,1.0
25,1.0901172108648007,1.0905882891351995,1.09035275,1687763880004597835,1.090095,1.090185,1.090005,1.0902,1.090635,1.090005,28.571428571433607,24.792879534263722,24.792879534263722,22.94994277753294,0,0,0,0,0,0,0,0,0,0,0,0,0,0,0,0,0,0,0,0,0,0,0,0,0,0,0,0,0,0,0,0,0,0,0,0,0,0,0,0,0,0,0,0,0,0,0,0,0,0,0,0,0,0,0,0,NO_PATTERN,0.0
26,1.0900781335558964,1.0906043664441036,1.09034125,1687763940000000000,1.090175,1.09009,1.09004,1.09028,1.090635,1.090005,13.492063492078596,16.032658274044625,16.032658274044632,20.592142000194215,0,0,0,0,0,0,0,0,0,0,0,0,0,0,0,0,0,0,0,0,0,0,0,0,0,0,0,0,0,0,0,0,0,0,0,0,0,0,0,0,0,0,0,0,0,0,0,0,0,0,0,0,0,0,0,0,NO_PATTERN,0.0
27,1.089951384868556,1.0906756151314443,1.0903135000000002,1687764000000000000,1.09009,1.089785,1.08978,1.090105,1.090635,1.08978,0.5847953216412237,14.216095795051144,14.216095795051146,18.34721120111982,0,0,0,0,0,0,0,0,0,0,0,0,0,0,0,0,0,0,0,0,0,0,0,0,0,0,0,0,0,0,0,0,0,0,0,0,0,0,0,0,0,0,0,0,0,0,0,0,0,0,0,0,0,0,0,0,NO_PATTERN,0.0
28,1.0899500638732644,1.0906619361267356,1.090306,1687764060000000000,1.08978,1.090305,1.089775,1.090315,1.090635,1.089775,61.627906976754694,25.23492193015817,25.234921930158176,18.49455866641797,0,0,0,0,0,0,0,0,0,0,0,0,0,0,0,0,0,100,0,0,0,0,0,0,0,0,0,0,0,0,0,0,0,0,0,0,0,0,0,0,0,0,0,0,0,0,0,0,0,0,0,0,0,0,0,0,CDLENGULFING_Bull,1.0
29,1.0899507129418955,1.0906662870581048,1.0903085000000001,1687764120000000000,1.090325,1.090395,1.090295,1.09042,1.090635,1.089775,72.09302325581456,44.768575184736825,44.768575184736825,28.0731976366487,0,0,0,0,100,0,0,0,0,0,0,0,0,0,0,0,0,0,0,0,0,0,0,0,0,0,0,0,0,0,0,0,0,0,0,0,0,0,0,0,0,0,0,0,0,0,0,0,0,0,0,0,0,0,0,0,CDL3OUTSIDE_Bull,1.0
30,1.0899481793507455,1.0906783206492543,1.09031325,1687764180000000000,1.090395,1.09049,1.090395,1.09055,1.090635,1.089775,83.13953488371537,72.28682170542821,72.28682170542821,47.430106273441055,0,0,0,0,0,0,0,0,0,0,0,0,0,0,0,0,0,0,0,0,0,0,0,0,0,0,0,0,0,0,0,0,0,0,0,0,0,0,0,0,0,0,0,0,0,0,0,0,0,0,0,0,0,0,0,0,NO_PATTERN,0.0
31,1.0899297703112212,1.0907322296887791,1.0903310000000002,1687764240000000000,1.09049,1.090685,1.09049,1.090705,1.090705,1.089775,97.84946236557754,84.36067350170248,84.36067350170248,67.13869013062249,0,0,0,0,0,0,0,0,0,100,0,100,0,0,0,0,0,0,0,0,0,0,0,0,0,0,0,0,0,0,0,0,0,0,0,0,100,0,0,0,0,0,0,0,0,0,0,0,0,0,0,0,0,0,0,0,CDLBELTHOLD_Bull,3.0
32,1.0899182583395381,1.090777741660462,1.090348,1687764300002754565,1.090685,1.090675,1.09061,1.09085,1.09085,1.089775,83.72093023255718,88.23664249395001,88.23664249395001,81.62804590036022,0,0,0,0,0,0,0,0,0,0,0,0,0,0,100,0,0,0,0,0,0,0,0,0,0,0,-100,0,0,0,0,0,0,0,0,100,0,0,0,0,0,0,0,100,0,0,0,-100,0,0,0,0,0,0,0,0,CDLRICKSHAWMAN_Bull,5.0
33,1.0899231569941332,1.0907903430058667,1.09035675,1687764360000000000,1.090675,1.090485,1.090485,1.09076,1.09085,1.089775,66.04651162789612,82.5389680753436,82.53896807534359,85.04542802366534,0,0,0,0,0,0,0,0,0,0,0,-100,0,0,0,0,0,0,0,0,0,0,0,0,0,0,0,0,0,0,0,0,0,0,0,0,0,0,0,0,0,0,0,0,0,0,0,0,0,0,0,0,0,0,0,0,CDLCLOSINGMARUBOZU_Bear,1.0
34,1.089931123029762,1.090791376970238,1.09036125,1687764420000000000,1.09048,1.090325,1.090285,1.09051,1.09085,1.089775,51.16279069767154,66.97674418604161,66.97674418604159,79.25078491844504,0,0,0,0,0,0,0,0,0,0,0,0,0,0,0,0,0,0,0,0,0,0,0,0,0,0,0,0,0,0,0,0,0,0,0,0,0,0,0,0,0,0,0,0,0,0,0,0,0,0,0,0,0,0,0,0,NO_PATTERN,0.0
35,1.0899360312005377,1.0907974687994624,1.09036675,1687764480000000000,1.090325,1.09043,1.09025,1.090455,1.09085,1.089775,60.93023255813723,59.37984496123496,59.37984496123494,69.63185240754001,0,0,0,0,0,0,0,0,0,0,0,0,0,0,0,0,0,0,0,0,0,0,0,0,0,0,0,0,0,0,0,0,0,0,0,0,0,0,0,0,0,0,0,0,0,0,0,0,0,0,0,0,0,0,0,0,NO_PATTERN,0.0
36,1.0899347550367418,1.090809244963258,1.090372,1687764540000000000,1.09044,1.09055,1.090425,1.09058,1.09085,1.089775,72.0930232558005,61.395348837203095,61.395348837203066,62.583979328159835,0,0,0,0,0,0,0,0,0,0,0,0,0,0,0,0,0,0,0,0,0,0,0,0,0,0,0,0,0,0,0,0,0,0,0,0,0,0,0,0,0,0,0,0,0,0,0,0,0,0,0,0,0,0,0,0,NO_PATTERN,0.0
37,1.0899309482626034,1.0907985517373966,1.09036475,1687764600000000000,1.09055,1.090345,1.09027,1.09056,1.09085,1.089775,53.023255813941866,62.015503875959865,62.01550387595984,60.93023255813258,0,0,0,0,0,0,0,0,0,-100,0,0,0,0,0,0,0,0,0,0,0,0,0,0,0,0,0,0,0,0,0,0,0,0,0,0,0,0,0,0,0,0,0,0,0,0,0,0,0,0,0,0,0,0,0,0,CDLBELTHOLD_Bear,1.0
38,1.0899063828059314,1.0907891171940682,1.0903477499999998,1687764660000000000,1.090345,1.09014,1.09005,1.090435,1.09085,1.089775,33.95348837210388,53.023255813948744,53.02325581394873,58.81136950903718,0,0,0,0,0,0,0,0,0,0,0,0,0,0,0,0,0,0,0,0,0,0,0,0,0,0,0,0,0,0,0,0,0,0,0,0,0,0,0,0,0,0,0,0,0,0,0,0,0,0,0,0,0,0,0,0,NO_PATTERN,0.0
39,1.0898846688546968,1.0907693311453028,1.0903269999999998,1687764720000000000,1.09014,1.090125,1.090085,1.09028,1.09085,1.089775,32.55813953488564,39.844961240310454,39.84496124031044,51.62790697673963,0,0,0,0,0,0,0,0,0,0,0,0,0,0,100,0,0,0,0,0,0,0,0,0,0,0,-100,0,0,0,0,0,0,0,0,100,0,0,0,0,0,0,0,100,0,0,0,-100,0,0,0,0,0,0,0,0,CDLRICKSHAWMAN_Bull,5.0
40,1.0897966281724507,1.0907803718275493,1.0902885,1687764780000000000,1.09013,1.08978,1.089765,1.09016,1.09085,1.089765,1.3824884792512615,22.63137212874692,22.631372128746904,38.49986306100198,0,0,0,0,0,0,0,0,0,0,0,-100,0,0,0,0,0,0,0,0,0,0,0,0,0,0,0,100,0,0,0,0,0,0,0,0,0,0,0,0,0,0,0,0,0,0,0,0,0,0,0,0,0,0,0,0,CDLCLOSINGMARUBOZU_Bear,2.0
41,1.0897144975872253,1.0908120024127748,1.09026325,1687764840000000000,1.089785,1.089745,1.08971,1.09008,1.09085,1.08971,3.0701754385967477,12.336934484244544,12.336934484244528,24.937755951100584,0,0,0,0,0,0,0,0,0,0,0,0,0,0,0,0,0,0,0,0,0,0,0,0,0,0,0,0,0,0,0,0,0,0,0,0,0,0,0,0,0,0,0,0,0,0,0,0,0,0,0,0,0,0,0,0,NO_PATTERN,0.0
42,1.089618860152299,1.0908456398477013,1.0902322500000001,1687764900000000000,1.089755,1.08965,1.089555,1.089755,1.09085,1.089555,7.335907335903695,3.9295237512505636,3.929523751250546,12.965943454747284,0,0,0,0,0,0,0,0,0,0,0,0,0,0,0,0,0,0,0,0,0,0,0,0,0,0,0,0,0,0,0,0,0,0,0,0,0,0,0,0,0,0,0,0,0,0,0,0,0,0,0,0,0,0,0,0,NO_PATTERN,0.0
43,1.0895793807947072,1.090836619205293,1.090208,1687764960000000000,1.089655,1.089885,1.08961,1.08997,1.09085,1.089555,25.482625482620055,11.962902752373495,11.962902752373475,9.409786995956141,0,0,0,0,0,0,0,0,0,0,0,0,0,0,0,0,0,0,0,0,0,0,0,0,0,0,0,0,0,0,0,0,0,0,0,0,0,0,0,0,0,0,0,0,0,0,0,0,0,0,0,0,0,0,0,0,NO_PATTERN,0.0
44,1.0895750338239456,1.0908364661760543,1.09020575,1687765020000000000,1.089885,1.090045,1.089885,1.09017,1.09085,1.089555,37.83783783782718,23.55212355211697,23.552123552116953,13.148183351913616,0,0,0,0,0,0,0,0,0,100,0,0,0,0,0,0,0,0,0,0,0,0,0,0,0,0,0,0,0,0,0,0,0,0,0,0,0,0,0,0,0,0,0,0,0,0,0,0,0,0,0,0,0,0,0,0,CDLBELTHOLD_Bull,1.0
45,1.0895335605210685,1.0908414394789312,1.0901874999999999,1687765080000000000,1.09005,1.08982,1.089735,1.0901,1.09085,1.089555,20.463320463316624,27.927927927921285,27.92792792792126,21.147651410803856,0,0,0,0,0,0,0,0,0,0,0,0,0,0,0,0,0,-100,0,0,0,0,0,0,0,0,0,0,0,0,0,0,0,0,0,0,0,0,0,0,0,0,0,0,0,0,0,0,0,0,0,0,0,0,0,0,CDLENGULFING_Bear,1.0
46,1.0895204292738772,1.0908415707261225,1.0901809999999998,1687765140000000000,1.089825,1.08996,1.08974,1.090025,1.09076,1.089555,33.6099585062259,30.6370389357899,30.637038935789878,27.37236347194266,0,0,0,0,0,0,0,0,0,0,0,0,0,0,0,0,0,0,0,0,0,0,0,0,100,0,0,0,0,0,0,0,0,0,0,0,0,0,0,0,0,0,0,0,0,0,0,0,0,0,0,0,0,0,0,0,CDLHARAMI_Bull,1.0
47,1.0895669537933383,1.0908345462066615,1.09020075,1687765200004024228,1.08995,1.09018,1.08995,1.090195,1.09058,1.089555,60.975609756082235,38.34962957520825,38.34962957520823,32.30486547963975,0,0,100,0,0,0,0,0,0,100,0,100,0,0,0,0,0,0,0,0,0,0,0,0,0,0,0,-100,0,0,0,0,0,0,0,0,100,0,0,0,0,0,0,0,0,0,0,0,0,0,0,0,0,0,0,0,CDL3INSIDE_Bull,5.0
48,1.0895546283672635,1.0908233716327367,1.090189,1687765260000000000,1.090175,1.09007,1.08999,1.090185,1.09058,1.089555,50.24390243902597,48.27649023377803,48.27649023377802,39.087719581592005,0,0,0,0,0,0,0,0,0,0,0,0,0,0,0,0,0,0,0,0,0,0,0,0,-100,0,0,0,0,0,0,0,0,0,0,0,0,0,0,0,0,0,0,0,0,0,0,0,0,0,0,0,0,0,0,0,CDLHARAMI_Bear,1.0
49,1.0895470937497953,1.0908024062502044,1.0901747499999999,1687765320000000000,1.09007,1.09011,1.08999,1.09015,1.09058,1.089555,54.14634146339826,55.121951219502144,55.12195121950214,47.249357009496094,0,0,0,0,0,0,0,0,0,0,0,0,0,0,0,0,0,0,0,0,0,0,0,0,0,0,0,0,0,0,0,0,0,0,0,0,0,0,0,0,0,0,0,0,0,0,0,100,0,0,0,0,0,0,0,0,CDLSPINNINGTOP_Bull,1.0
50,1.0895422192048443,1.0907647807951557,1.0901535,1687765380000000000,1.090115,1.090065,1.090055,1.09021,1.09056,1.089555,50.74626865672136,51.71217085304852,51.71217085304851,51.703537435442854,0,0,0,0,0,0,0,0,0,0,0,0,0,0,0,0,0,-100,0,0,0,0,0,0,0,0,0,0,0,0,0,0,0,0,0,0,0,0,0,0,0,0,0,0,0,0,0,0,0,0,0,0,0,0,0,0,CDLENGULFING_Bear,1.0
51,1.0895383367849296,1.09068366321507,1.0901109999999998,1687765440000000000,1.090065,1.089835,1.089825,1.090065,1.090435,1.089555,31.818181818188698,45.5702639794361,45.570263979436085,50.80146201732887,0,0,0,0,-100,0,0,0,0,-100,0,-100,0,0,0,0,0,0,0,0,0,0,0,0,0,0,0,0,0,0,0,0,0,0,0,0,-100,0,0,0,0,0,0,0,0,0,0,0,0,0,0,0,0,0,0,0,CDL3OUTSIDE_Bear,4.0
52,1.0895497839918131,1.0905882160081872,1.0900690000000002,1687765500002679260,1.089845,1.089835,1.089805,1.08999,1.09028,1.089555,38.62068965518762,40.39504671003255,40.39504671003254,45.892493847505676,0,0,0,0,0,0,0,0,0,0,0,0,0,0,100,0,0,0,0,0,0,0,0,0,0,0,-100,0,0,0,0,0,0,0,0,100,0,100,0,0,0,0,0,0,0,0,0,-100,0,0,0,0,0,0,0,0,CDLMATCHINGLOW_Bull,5.0
53,1.089527217093266,1.0905337829067339,1.0900305,1687765560000000000,1.08982,1.089715,1.08968,1.08986,1.09021,1.089555,24.427480916026653,31.622117463134316,31.622117463134302,39.195809384200935,0,0,0,0,0,0,0,0,0,0,0,0,0,0,0,0,0,0,0,0,0,0,0,0,0,0,0,0,0,0,0,0,0,0,0,0,0,0,0,0,0,0,0,0,0,0,0,0,0,0,0,0,0,0,0,0,NO_PATTERN,0.0
54,1.0895245765662913,1.090495923433709,1.0900102500000002,1687765620000000000,1.089725,1.08992,1.089725,1.090065,1.09021,1.089555,55.72519083969957,39.59112047030461,39.591120470304595,37.20276154782377,0,0,0,0,0,0,0,0,0,100,0,0,0,0,0,0,0,0,0,0,0,0,0,0,0,0,0,0,0,0,0,0,0,0,0,0,0,0,0,0,0,0,0,0,0,0,0,0,0,0,0,0,0,0,0,0,CDLBELTHOLD_Bull,1.0
55,1.0895470785689838,1.090443421431016,1.0899952499999999,1687765680000000000,1.08992,1.09013,1.0899,1.090245,1.090245,1.089555,83.33333333334943,54.49533502969188,54.495335029691866,41.902857654376874,0,0,0,0,0,0,0,0,0,100,0,0,0,0,0,0,0,0,0,0,0,0,0,0,0,0,0,0,0,0,0,0,0,0,0,0,0,0,0,0,0,0,0,0,0,0,0,0,0,0,0,0,0,0,0,0,CDLBELTHOLD_Bull,1.0
56,1.0896038326879887,1.0903406673120113,1.08997225,1687765740000000000,1.090125,1.09009,1.090045,1.0902,1.090245,1.08961,75.59055118111503,71.54969178472133,71.54969178472133,55.212049094905886,0,0,0,0,0,0,0,0,0,0,0,0,0,0,0,0,0,0,0,0,0,0,0,0,-100,0,0,0,0,0,0,0,0,0,0,0,0,0,0,0,0,0,0,0,0,0,0,-100,0,0,0,0,0,0,0,0,CDLHARAMI_Bear,2.0
57,1.0896264000099751,1.0902990999900248,1.08996275,1687765800000000000,1.09009,1.090155,1.090045,1.090215,1.090245,1.08968,84.07079646018846,80.99822699155096,80.99822699155096,69.01441793532133,0,0,0,0,0,0,0,0,0,0,0,0,0,0,0,0,0,0,0,0,0,0,0,0,0,0,0,0,0,0,0,0,0,0,0,0,0,0,0,0,0,0,0,0,0,0,0,0,0,0,0,0,0,0,0,0,NO_PATTERN,0.0
58,1.0896203010915517,1.0903126989084484,1.0899665,1687765860000000000,1.09016,1.090215,1.090115,1.09022,1.090245,1.08968,94.69026548672949,84.78387104267766,84.78387104267765,79.1105966063166,0,0,0,0,0,0,0,0,0,0,0,0,0,0,0,0,0,0,0,0,0,0,0,0,0,0,0,0,0,0,0,0,0,0,0,0,0,0,0,0,0,0,0,0,0,0,0,0,0,0,0,0,0,0,0,0,NO_PATTERN,0.0
59,1.0896183436215436,1.0903181563784565,1.08996825,1687765920000000000,1.090205,1.09016,1.090135,1.09022,1.090245,1.08968,84.95575221240676,87.9056047197749,87.90560471977489,84.56256758466778,0,0,0,0,0,0,0,0,0,0,0,0,0,0,0,0,0,0,0,0,0,0,0,0,0,0,0,0,0,0,0,0,0,0,0,0,0,0,0,0,0,0,0,0,0,0,0,0,0,0,0,0,0,0,0,0,NO_PATTERN,0.0
60,1.0896257910147695,1.0903632089852304,1.0899945,1687765980000000000,1.09016,1.090305,1.09016,1.09041,1.09041,1.08968,85.61643835616375,88.42081868509997,88.42081868509997,87.03676481585079,0,0,0,0,0,0,0,0,0,100,0,0,0,0,0,0,0,0,0,0,0,0,0,0,0,0,0,0,0,0,0,0,0,0,0,0,0,0,0,0,0,0,0,0,0,0,0,0,0,0,0,0,0,0,0,0,CDLBELTHOLD_Bull,1.0
61,1.089652534040476,1.0903884659595242,1.0900205,1687766040000000000,1.0903,1.090265,1.09025,1.09046,1.09046,1.08968,75.00000000000712,81.85739685619255,81.85739685619252,86.06127342035575,0,0,0,0,0,0,0,0,0,0,0,0,0,0,0,0,0,0,0,0,0,0,0,0,-100,0,0,0,0,0,0,0,0,0,0,0,0,0,0,0,0,0,0,0,0,0,0,0,0,0,0,0,0,0,0,0,CDLHARAMI_Bear,1.0
62,1.089698385196253,1.0904161148037472,1.09005725,1687766100000000000,1.090285,1.090385,1.090285,1.09042,1.09046,1.08968,90.38461538460936,83.6670179135934,83.6670179135934,84.64841115162858,0,0,0,0,0,0,0,0,0,100,0,0,0,0,0,0,0,0,0,0,0,0,0,0,0,0,0,0,0,0,0,0,0,0,0,0,0,0,0,0,0,0,0,0,0,0,0,0,0,0,0,0,0,0,0,0,CDLBELTHOLD_Bull,1.0
63,1.0896803273500437,1.0905001726499564,1.09009025,1687766160000000000,1.090375,1.090545,1.090375,1.09059,1.09059,1.08968,95.05494505496128,86.81318681319259,86.81318681319256,84.11253386099277,0,0,0,0,0,0,0,0,0,100,0,0,0,0,0,0,0,0,0,0,0,0,0,0,0,0,0,-100,0,0,0,0,0,0,0,0,0,0,0,0,0,0,0,0,0,0,0,0,0,0,0,0,0,0,0,0,CDLBELTHOLD_Bull,2.0
64,1.089682747541209,1.0905242524587913,1.0901035000000001,1687766220000000000,1.09053,1.09031,1.09028,1.090595,1.090595,1.08968,68.85245901638349,84.76400648531803,84.76400648531802,85.08140373736795,0,0,0,0,0,0,0,0,0,0,0,0,0,0,0,0,0,0,0,0,0,0,0,0,0,0,0,0,0,0,0,0,0,0,0,0,0,0,0,0,0,0,0,0,0,0,0,0,0,0,0,0,0,0,0,0,NO_PATTERN,0.0
65,1.0897164158710229,1.090545584128977,1.090131,1687766280000000000,1.09031,1.09037,1.090255,1.090445,1.090595,1.08968,75.40983606558252,79.77241337897574,79.77241337897574,83.78320222582873,0,0,0,0,0,0,0,0,0,0,0,0,0,0,0,0,0,0,0,0,0,0,0,0,0,0,0,0,0,0,0,0,0,0,0,0,0,0,0,0,0,0,0,0,0,0,0,0,0,0,0,0,0,0,0,0,NO_PATTERN,0.0
66,1.0897347609518073,1.090562239048193,1.0901485000000002,1687766340000000000,1.09037,1.09031,1.090305,1.090385,1.090595,1.08968,68.85245901638349,71.0382513661165,71.03825136611648,78.5248904101367,0,0,0,0,0,0,0,0,0,0,0,0,0,0,0,0,0,0,0,0,0,0,0,0,0,0,0,0,0,0,0,0,0,0,0,0,0,0,0,0,0,0,0,0,0,0,0,0,0,0,0,0,0,0,0,0,NO_PATTERN,0.0
67,1.0897359414175278,1.0905690585824719,1.0901524999999999,1687766400000000000,1.09031,1.09026,1.090215,1.09037,1.090595,1.089725,61.49425287356293,68.5855159851763,68.5855159851763,73.1320602434228,0,0,0,0,0,0,0,0,0,0,0,0,0,0,0,0,0,0,0,0,0,0,0,0,0,0,0,100,0,0,0,0,0,0,0,0,0,0,0,0,0,0,0,0,0,0,0,0,0,0,0,0,0,0,0,0,CDLHIKKAKE_Bull,1.0
68,1.0896903229547523,1.0905856770452478,1.090138,1687766460000000000,1.090255,1.08978,1.089595,1.090355,1.090595,1.089595,18.499999999990006,49.615570629978805,49.6155706299788,63.079779327090485,0,0,0,0,0,0,0,0,0,0,0,0,0,0,0,0,0,0,0,0,0,0,0,0,0,0,0,0,0,0,0,0,0,0,0,0,0,0,0,0,0,0,0,0,0,0,0,0,0,0,0,0,0,0,0,0,NO_PATTERN,0.0
69,1.089632167106918,1.0906043328930823,1.0901182500000002,1687766520000000000,1.089785,1.089715,1.089185,1.089795,1.090595,1.089185,37.588652482266156,39.19430178527302,39.19430178527302,52.46512946680934,0,0,0,0,0,0,0,0,0,0,0,0,0,0,0,0,0,0,0,0,0,0,0,0,0,0,0,0,0,0,0,0,0,0,0,0,0,0,0,0,0,0,0,0,0,0,0,0,0,0,0,0,0,0,0,0,NO_PATTERN,0.0
70,1.0895182120986688,1.090657287901331,1.09008775,1687766580000000000,1.089715,1.089455,1.0894,1.08972,1.090595,1.089185,19.148936170213435,25.079196217489855,25.07919621748985,37.96302287758052,0,0,0,0,0,0,0,0,0,-100,0,0,0,0,0,0,0,0,0,0,0,0,0,0,0,0,0,0,0,0,0,0,0,0,0,0,0,0,0,0,0,0,0,0,0,0,0,0,0,0,0,0,0,0,0,0,CDLBELTHOLD_Bear,1.0
71,1.0893958362543836,1.0907251637456166,1.0900605,1687766640000000000,1.089465,1.08929,1.089285,1.089545,1.090595,1.089185,7.446808510640309,21.39479905437329,21.394799054373284,28.556099019045345,0,0,0,0,0,0,0,0,0,0,0,-100,0,0,0,0,0,0,0,0,0,0,0,0,0,0,0,100,0,0,0,0,0,0,0,0,0,0,0,0,0,0,0,0,0,0,0,0,0,0,0,0,0,0,0,0,CDLCLOSINGMARUBOZU_Bear,2.0
72,1.0892681685326129,1.090790331467387,1.09002925,1687766700000000000,1.08929,1.08921,1.089205,1.089355,1.090595,1.089185,1.7730496453860503,9.456264775413254,9.45626477541325,18.643420015758753,0,0,0,0,0,0,0,0,0,0,0,0,0,0,0,0,0,0,0,0,0,0,0,0,0,0,0,0,0,0,0,0,0,0,0,0,0,0,0,0,0,0,0,0,0,0,0,0,0,0,0,0,0,0,0,0,NO_PATTERN,0.0
73,1.08914179163953,1.0908557083604697,1.08999875,1687766760000000000,1.089195,1.089105,1.08892,1.08933,1.090595,1.08892,11.044776119396653,6.754878091807662,6.7548780918076545,12.535313973864689,0,0,0,0,0,0,0,0,0,0,0,0,0,0,0,0,0,0,0,0,0,0,0,0,0,0,0,0,0,0,0,0,0,0,0,0,0,0,0,0,0,0,0,0,0,0,0,-100,0,0,0,0,0,0,0,0,CDLSPINNINGTOP_Bear,1.0
74,1.0890229724474432,1.0908975275525565,1.0899602499999999,1687766820001276018,1.089135,1.08915,1.088895,1.089225,1.090595,1.088895,15.00000000000653,9.272608588263068,9.272608588263061,8.494583818494615,0,0,0,0,0,0,0,0,0,0,0,0,0,0,100,0,0,0,0,0,0,0,0,0,0,0,100,0,0,0,0,0,0,0,0,100,0,0,0,0,0,0,0,0,0,0,0,100,0,0,0,0,0,0,0,0,CDLLONGLEGGEDDOJI_Bull,4.0
75,1.0889067483675567,1.0909137516324432,1.08991025,1687766880000000000,1.089145,1.08913,1.08908,1.08924,1.090595,1.088895,13.823529411763554,13.289435177055571,13.289435177055564,9.77230728570872,0,0,0,0,0,0,0,0,0,0,0,0,0,0,100,0,0,0,0,0,0,0,0,0,0,0,-100,0,0,0,0,0,0,0,0,100,0,0,0,0,0,0,0,100,0,0,0,-100,0,0,0,0,0,0,0,0,CDLRICKSHAWMAN_Bull,5.0
76,1.0887700277727386,1.0909379722272616,1.089854,1687766940001115423,1.08914,1.088965,1.08889,1.08915,1.090595,1.08889,4.398826979474737,11.074118797081598,11.07411879708159,11.212054187466698,0,0,0,0,0,0,0,0,0,-100,0,0,0,0,0,0,0,0,0,0,0,0,0,0,0,0,0,0,0,0,0,0,0,0,0,0,0,0,0,0,0,0,0,0,0,0,0,0,0,0,0,0,0,0,0,0,CDLBELTHOLD_Bear,1.0
77,1.0886289584077922,1.0909495415922081,1.0897892500000002,1687767000000000000,1.08897,1.08886,1.08873,1.089015,1.090595,1.08873,6.970509383376037,8.397621924871434,8.397621924871427,10.920391966336155,0,0,0,0,0,0,0,0,0,0,0,0,0,0,0,0,0,0,0,0,0,0,0,0,0,0,0,0,0,0,0,0,0,0,0,0,0,0,0,0,0,0,0,0,0,0,0,0,0,0,0,0,0,0,0,0,NO_PATTERN,0.0
78,1.0885166899377627,1.0909303100622374,1.0897235,1687767060000000000,1.088855,1.0889,1.08881,1.088975,1.090445,1.08873,9.912536443148122,7.093957601999623,7.093957601999616,8.855232774650839,0,0,0,0,0,0,0,0,0,0,0,0,0,0,0,0,0,0,0,0,0,0,0,0,0,0,0,0,0,0,0,0,0,0,0,0,0,0,0,0,0,0,0,0,0,0,0,0,0,0,0,0,0,0,0,0,NO_PATTERN,0.0
79,1.088455748640937,1.090888251359063,1.089672,1687767120000000000,1.0889,1.08913,1.088765,1.08913,1.090385,1.08873,24.169184290028102,13.684076705517413,13.684076705517404,9.725218744129442,0,0,0,0,0,0,0,0,0,0,0,100,0,0,0,0,0,0,0,0,0,0,0,0,0,0,0,0,0,0,0,0,0,0,0,0,0,0,0,0,0,0,0,0,0,0,0,0,0,0,0,0,0,0,0,0,CDLCLOSINGMARUBOZU_Bull,1.0
80,1.0884478626823673,1.0908116373176324,1.0896297499999998,1687767180000000000,1.089135,1.08946,1.089135,1.08946,1.09037,1.08873,44.512195121956175,26.197971951710787,26.19797195171078,15.658668753075894,0,0,0,0,0,0,0,0,0,100,0,100,0,0,0,0,0,0,0,0,0,0,0,0,0,0,0,0,0,0,0,0,0,0,0,0,100,0,0,0,0,0,0,0,0,0,0,0,0,0,0,0,0,0,0,0,CDLBELTHOLD_Bull,3.0
81,1.0884371003161373,1.0907328996838628,1.089585,1687767240000000000,1.08946,1.08937,1.089335,1.08957,1.090355,1.08873,39.38461538461408,36.02199826553277,36.021998265532766,25.301348974253614,0,0,0,0,0,0,0,0,0,0,0,0,0,0,0,0,0,0,0,0,0,0,0,0,0,0,0,0,0,0,0,0,0,0,0,0,0,0,0,0,0,0,0,0,0,0,0,0,0,0,0,0,0,0,0,0,NO_PATTERN,0.0
82,1.0884360032811955,1.0906204967188042,1.0895282499999999,1687767300000000000,1.089375,1.08925,1.08924,1.08939,1.089795,1.08873,48.82629107981504,44.241033862128425,44.24103386212841,35.48700135979062,0,0,0,0,0,0,0,0,0,-100,0,-100,0,0,0,0,0,0,0,0,0,0,0,0,0,0,0,0,0,0,0,0,0,0,0,0,-100,0,0,0,0,0,0,0,0,0,0,0,0,0,0,0,0,0,0,0,CDLCLOSINGMARUBOZU_Bear,3.0
83,1.0884784504656393,1.0904505495343608,1.0894645,1687767360000000000,1.08922,1.08927,1.089145,1.08941,1.08972,1.08873,54.54545454545047,47.585453669959854,47.58545366995984,42.6161619325403,0,0,0,0,0,0,0,0,0,0,0,0,0,0,0,0,0,0,0,0,0,0,0,0,0,0,0,0,0,0,0,0,0,0,0,0,0,0,0,0,0,0,0,0,0,0,0,100,0,0,0,-100,0,0,0,0,CDLTHRUSTING_Bear,2.0
84,1.088486872518863,1.090318127481137,1.0894025,1687767420000000000,1.089275,1.08907,1.088945,1.089325,1.08957,1.08873,40.47619047619362,47.9493120338197,47.949312033819695,46.59193318863594,0,0,0,0,0,0,0,0,0,0,0,0,0,0,0,0,0,-100,0,0,0,0,0,0,0,0,0,0,0,0,0,0,0,0,0,0,0,0,0,0,0,0,0,0,0,0,0,0,0,0,0,0,0,0,0,0,CDLENGULFING_Bear,1.0
85,1.0885256287917215,1.0901433712082786,1.0893345,1687767480000000000,1.08907,1.08901,1.088955,1.089095,1.08957,1.08873,33.333333333342146,42.7849927849954,42.7849927849954,46.10658616292494,0,0,0,0,-100,0,0,0,0,0,0,0,0,0,0,0,0,0,0,0,0,0,0,0,0,0,0,0,0,0,0,0,0,0,0,0,0,0,0,0,0,0,0,0,0,0,0,0,0,0,0,0,0,0,0,0,CDL3OUTSIDE_Bear,1.0
86,1.08859810105972,1.0899453989402799,1.08927175,1687767540000000000,1.08901,1.089055,1.08891,1.089185,1.08957,1.08873,38.69047619049397,37.500000000009905,37.5000000000099,42.74476827294163,0,0,0,0,0,0,0,0,0,0,0,0,0,0,0,0,0,0,0,0,0,0,0,0,0,0,100,0,0,0,0,0,0,0,0,0,0,0,0,0,0,0,0,0,0,0,0,100,0,0,0,0,0,0,0,0,CDLHIGHWAVE_Bull,2.0
87,1.0887074029181172,1.089707097081883,1.08920725,1687767600000000000,1.08905,1.08897,1.088925,1.089065,1.08957,1.08873,28.571428571432346,33.53174603175615,33.53174603175614,37.938912938920446,0,0,0,0,0,0,0,0,0,0,0,0,0,0,0,0,0,0,0,0,0,0,0,0,0,0,0,0,0,0,0,0,0,0,0,0,0,0,0,0,0,0,0,0,0,0,0,0,0,0,0,0,0,0,0,0,NO_PATTERN,0.0
88,1.0887319965246256,1.0895990034753744,1.0891655,1687767660000000000,1.088955,1.088945,1.088895,1.089025,1.08957,1.08873,25.595238095248636,30.95238095239164,30.952380952391636,33.99470899471918,0,0,0,0,0,0,0,0,0,0,0,0,0,0,100,0,0,0,0,0,0,0,0,0,0,0,-100,100,0,0,0,0,0,0,0,100,0,0,0,0,0,0,0,100,0,0,0,-100,0,0,0,0,0,0,0,0,CDLRICKSHAWMAN_Bull,6.0
89,1.0887564907501468,1.089490509249853,1.0891235,1687767720000000000,1.088945,1.088875,1.08886,1.089,1.08957,1.08873,17.2619047619131,23.809523809531353,23.809523809531346,29.43121693122633,0,0,0,0,0,0,0,0,0,0,0,0,0,0,0,0,0,0,0,0,0,0,0,0,0,0,0,0,0,0,0,0,0,0,0,0,0,0,0,0,0,0,0,0,0,0,0,0,0,0,0,0,0,0,0,0,NO_PATTERN,0.0
90,1.0887550951194083,1.0894389048805921,1.0890970000000002,1687767780000000000,1.088865,1.088925,1.088865,1.089015,1.08957,1.08873,23.21428571428052,22.023809523814077,22.02380952381407,25.595238095245637,0,0,0,0,0,0,0,0,0,0,0,0,0,0,0,0,0,0,0,0,0,0,0,0,0,0,0,0,0,0,0,0,0,0,0,0,0,0,0,0,0,0,0,0,0,0,0,0,0,0,0,0,0,0,0,0,NO_PATTERN,0.0
91,1.088739797251212,1.089416702748788,1.08907825,1687767840000000000,1.08892,1.088915,1.088865,1.089,1.08957,1.088765,18.63354037268383,19.703243616292472,19.70324361629247,21.84552564987925,0,0,0,0,0,0,0,0,0,0,0,0,0,0,100,0,0,0,0,0,0,0,0,0,0,0,-100,0,0,0,0,0,0,0,0,100,0,0,0,0,0,0,0,100,0,0,0,-100,0,0,0,0,0,0,0,0,CDLRICKSHAWMAN_Bull,5.0
92,1.0887367338789995,1.0894027661210008,1.0890697500000002,1687767900001518823,1.088915,1.08904,1.088895,1.089065,1.08957,1.088765,34.16149068323529,25.33643892339987,25.336438923399868,22.35449735450209,0,0,0,0,0,0,0,0,0,0,0,0,0,0,0,0,0,0,0,0,0,0,0,0,0,0,0,0,0,0,0,0,0,0,0,0,0,0,0,0,0,0,0,0,0,0,0,0,0,0,0,0,0,0,0,0,NO_PATTERN,0.0
93,1.0887372964104038,1.0894052035895965,1.0890712500000002,1687767960000000000,1.089035,1.089135,1.08902,1.089235,1.08957,1.08886,38.73239436620137,30.509141807373492,30.50914180737348,25.182941449021897,0,0,0,0,0,0,0,0,0,100,0,0,0,0,0,0,0,0,0,0,0,0,0,0,0,0,0,0,0,0,0,0,0,0,0,0,0,0,0,0,0,0,0,0,0,0,0,0,0,0,0,0,0,0,0,0,CDLBELTHOLD_Bull,1.0
94,1.0887360841860048,1.0894129158139956,1.0890745000000002,1687768020000000000,1.089135,1.089215,1.08898,1.089235,1.08957,1.08886,50.00000000001564,40.964628349817424,40.96462834981742,32.27006969353021,0,0,0,0,0,0,0,0,-100,0,0,0,0,0,0,0,0,0,0,0,0,0,0,0,0,0,0,0,0,0,0,0,0,0,0,0,0,0,0,0,0,0,0,0,0,0,0,0,0,0,0,0,0,0,0,0,CDLADVANCEBLOCK_Bear,1.0
95,1.0887351273185366,1.0894228726814636,1.0890790000000001,1687768080004803255,1.089225,1.08922,1.08914,1.089255,1.08941,1.08886,65.45454545456454,51.395646606927166,51.395646606927166,40.95647225470598,0,0,0,0,0,0,0,0,0,0,0,0,0,0,100,-100,0,0,0,0,0,0,0,0,0,0,-100,0,0,0,0,0,0,0,0,100,0,0,0,0,0,0,0,100,0,0,0,-100,0,0,0,0,0,0,0,0,CDLRICKSHAWMAN_Bull,6.0
96,1.0887353691263844,1.0894641308736155,1.08909975,1687768140001265880,1.089225,1.08938,1.08922,1.089385,1.08941,1.08886,94.54545454545968,70.00000000001329,70.00000000001327,54.120091652252576,0,0,0,0,0,0,0,0,0,100,0,100,0,0,0,0,0,0,0,0,0,0,0,0,0,0,0,0,0,0,0,0,0,0,0,0,100,0,0,0,0,0,0,0,0,100,0,0,0,0,0,0,0,0,0,0,CDLSEPARATINGLINES_Bull,4.0
97,1.0887637258779972,1.089482274122003,1.089123,1687768200000000000,1.08937,1.089325,1.089315,1.08947,1.08947,1.08886,76.22950819674757,78.74316939892392,78.74316939892391,66.7129386686214,0,0,0,0,0,0,0,0,0,0,0,0,0,0,0,0,0,0,0,0,0,0,0,0,-100,0,0,0,0,0,0,0,0,0,0,0,0,0,0,0,0,0,0,0,0,0,0,0,0,0,0,0,0,0,0,0,CDLHARAMI_Bear,1.0
98,1.0887771902306616,1.0894773097693384,1.08912725,1687768260000000000,1.089325,1.088985,1.088985,1.08933,1.08947,1.08886,20.491803278713586,63.75558867364026,63.75558867364026,70.83291935752577,0,0,-100,0,0,0,0,0,0,-100,0,-100,0,0,0,0,0,0,0,0,0,0,0,0,0,0,0,0,0,0,0,0,0,0,0,0,-100,0,0,0,0,0,0,0,0,0,0,0,0,0,0,0,0,0,0,0,CDLCLOSINGMARUBOZU_Bear,4.0
99,1.0887728425154557,1.0894751574845443,1.089124,1687768320000000000,1.088985,1.089065,1.088985,1.089145,1.08947,1.08886,33.60655737705097,43.44262295083737,43.442622950837354,61.9804603411338,0,0,0,0,0,0,0,0,0,0,0,0,0,0,0,0,0,0,0,0,0,0,0,0,0,0,0,0,0,0,0,0,0,0,0,0,0,0,0,0,0,0,0,0,0,0,0,0,0,0,0,0,0,0,0,0,NO_PATTERN,0.0
100,1.0887934230137273,1.0894205769862728,1.089107,1687768380000000000,1.08906,1.08912,1.089055,1.08913,1.08947,1.08886,42.6229508196966,32.24043715848704,32.24043715848703,46.479549594321504,0,0,0,0,0,0,0,0,0,0,0,0,0,0,0,0,0,0,0,0,0,0,0,0,0,0,0,0,0,0,0,0,0,0,0,0,0,0,0,0,0,0,0,0,0,0,0,0,0,0,0,0,0,0,0,0,NO_PATTERN,0.0
101,1.088797963860455,1.0893795361395453,1.0890887500000002,1687768440000000000,1.089115,1.089005,1.089005,1.089145,1.08947,1.08886,23.770491803288834,33.33333333334546,33.33333333334544,36.338797814223234,0,0,0,0,0,0,0,0,0,0,0,-100,0,0,0,0,0,0,0,0,0,0,0,0,0,0,0,0,0,0,0,0,0,0,0,0,0,0,0,0,0,0,0,0,0,0,0,0,0,0,0,0,0,0,0,0,CDLCLOSINGMARUBOZU_Bear,1.0
102,1.0888004077517088,1.0893620922482912,1.08908125,1687768500000000000,1.089005,1.0891,1.089005,1.089155,1.08947,1.08886,39.34426229508495,35.24590163935679,35.24590163935677,33.60655737706304,0,0,0,0,0,0,0,0,0,0,0,0,0,0,0,0,0,0,0,0,0,0,0,0,0,0,0,0,0,0,0,0,0,0,0,0,0,0,0,0,0,0,0,0,0,0,0,0,0,0,0,0,0,0,0,0,NO_PATTERN,0.0
103,1.0888057033713072,1.0893387966286925,1.0890722499999999,1687768560000000000,1.08911,1.08909,1.08902,1.089115,1.08947,1.088865,37.19008264461688,33.434945580996875,33.43494558099686,34.00472685123299,0,0,0,0,0,0,0,0,0,0,0,0,0,0,0,0,0,0,0,0,0,0,0,0,0,0,0,0,0,0,0,0,0,0,0,0,0,0,0,0,0,0,0,0,0,0,0,0,0,0,0,0,0,0,0,0,NO_PATTERN,0.0
104,1.0888069191842857,1.0893405808157144,1.08907375,1687768620003630295,1.089095,1.0891,1.089025,1.089135,1.08947,1.088865,38.842975206611264,38.45910671543769,38.45910671543768,35.71331797859707,0,0,0,0,0,0,0,0,0,0,0,0,0,0,100,0,0,0,0,0,0,0,0,0,0,0,100,-100,0,0,0,0,0,0,0,100,0,0,0,0,0,0,0,100,0,0,0,100,0,0,0,0,0,0,0,0,CDLRICKSHAWMAN_Bull,6.0
105,1.0888130688710518,1.0893439311289483,1.0890785,1687768680000000000,1.08909,1.089105,1.089045,1.08914,1.08947,1.088895,36.52173913044284,37.518265660556985,37.51826566055697,36.470772652330474,0,0,0,0,0,0,0,0,0,0,0,0,0,0,100,0,0,0,0,0,0,0,0,0,0,0,100,0,0,0,0,0,0,0,0,100,0,0,0,0,0,0,0,100,0,0,0,100,0,0,0,0,0,0,0,0,CDLRICKSHAWMAN_Bull,5.0
106,1.0888111183546891,1.0893433816453106,1.0890772499999999,1687768740000000000,1.089115,1.08903,1.08901,1.089125,1.08947,1.08898,10.204081632631791,28.522931989895284,28.522931989895273,34.83343478862994,0,0,0,0,0,0,0,0,0,0,0,0,0,0,0,0,0,-100,0,0,0,0,0,0,0,0,0,0,0,0,0,0,0,0,0,0,0,0,0,0,0,0,0,0,0,0,0,0,0,0,0,0,0,0,0,0,CDLENGULFING_Bear,1.0
107,1.088820887678381,1.089343612321619,1.08908225,1687768800000000000,1.08903,1.08907,1.08901,1.08914,1.08947,1.08898,18.367346938764413,21.69772256727967,21.69772256727966,29.246306739243934,0,0,0,0,0,0,0,0,0,0,0,0,0,0,0,0,0,0,0,0,0,0,0,0,0,0,0,0,0,0,0,0,0,0,0,0,0,0,0,0,0,0,0,0,0,0,0,0,0,0,0,0,0,0,0,0,NO_PATTERN,0.0
108,1.0888148349952647,1.0893461650047356,1.0890805000000001,1687768860000000000,1.08906,1.08891,1.08884,1.089065,1.08947,1.08884,11.111111111115028,13.227513227503735,13.227513227503723,21.149389261559516,0,0,0,0,0,0,0,0,0,-100,0,0,0,0,0,0,0,0,0,0,0,0,0,0,0,0,0,0,0,0,0,0,0,0,0,0,0,0,0,0,0,0,0,0,0,0,0,0,0,0,0,0,0,0,0,0,CDLBELTHOLD_Bear,1.0
109,1.0888453683962995,1.0893421316037004,1.08909375,1687768920000000000,1.0889,1.08914,1.088885,1.089145,1.08947,1.08884,47.6190476190493,25.69916855630957,25.69916855630956,20.208134783697613,0,0,0,0,0,0,0,0,0,0,0,100,0,0,0,0,0,100,0,0,0,0,0,0,0,0,0,0,0,0,0,0,0,0,0,0,0,0,0,0,0,0,0,0,0,0,0,0,0,0,0,0,0,0,0,0,CDLCLOSINGMARUBOZU_Bull,2.0
110,1.0888602807290397,1.0893367192709602,1.0890985,1687768980000000000,1.08915,1.08902,1.08897,1.08915,1.08947,1.08884,28.571428571443676,29.100529100535994,29.10052910053598,22.67573696144972,0,0,0,0,0,0,0,0,0,-100,0,0,0,0,0,0,0,0,0,0,0,0,0,0,0,0,0,0,0,0,0,0,0,0,0,0,0,0,0,0,0,0,0,0,0,0,0,0,0,0,0,0,0,0,0,0,CDLBELTHOLD_Bear,1.0
111,1.0888328704775976,1.0893531295224022,1.0890929999999999,1687769040000000000,1.08901,1.088805,1.08878,1.08911,1.08933,1.08878,4.54545454544537,26.91197691197944,26.911976911979426,27.237224856274953,0,0,0,0,0,0,0,0,0,0,0,0,0,0,0,0,0,0,0,0,0,0,0,0,0,0,0,0,0,0,0,0,0,0,0,0,0,0,0,0,0,0,0,0,0,0,0,0,0,0,0,0,0,0,0,0,NO_PATTERN,0.0
112,1.088801072843992,1.0893654271560076,1.0890832499999998,1687769100000000000,1.088805,1.088845,1.08876,1.0889,1.089155,1.08876,21.518987341792787,18.2119568195606,18.21195681956059,24.741487610691962,0,0,0,0,0,0,0,0,0,0,0,0,0,0,0,0,0,0,0,0,0,0,0,0,0,0,0,0,0,0,0,0,0,0,0,0,0,0,0,0,0,0,0,0,0,0,0,100,0,0,0,0,0,0,0,0,CDLSPINNINGTOP_Bull,1.0
113,1.0887861670600114,1.0893613329399887,1.08907375,1687769160000000000,1.088845,1.088945,1.088825,1.088945,1.089155,1.08876,46.835443037983225,24.299961641740452,24.299961641740442,23.141298457760115,0,0,0,0,0,0,0,0,0,0,0,100,0,0,0,0,0,0,0,0,0,0,0,0,0,0,0,0,0,0,0,0,0,0,0,0,0,0,0,0,0,0,0,0,0,0,0,0,0,0,0,0,0,0,0,0,CDLCLOSINGMARUBOZU_Bull,1.0
114,1.088783020217949,1.089344479782051,1.08906375,1687769220000000000,1.08891,1.089015,1.08878,1.089015,1.089155,1.08876,64.55696202532215,44.30379746836604,44.30379746836604,28.938571976555654,0,0,0,0,0,0,0,0,0,0,0,100,0,0,0,0,0,0,0,0,0,0,0,0,0,0,0,0,0,0,0,0,0,0,0,0,0,0,0,0,0,0,0,0,0,0,0,0,0,0,0,0,0,0,0,0,CDLCLOSINGMARUBOZU_Bull,1.0
115,1.088785606709073,1.0893278932909267,1.08905675,1687769280000000000,1.089015,1.08908,1.08892,1.08911,1.089155,1.08876,81.01265822784312,64.13502109704949,64.13502109704949,44.24626006905195,0,0,0,0,0,0,0,0,0,0,0,0,0,0,0,0,0,0,0,0,0,0,0,0,0,0,0,0,0,0,0,0,0,0,0,0,0,0,0,0,0,0,0,0,0,0,0,0,0,0,0,0,0,0,0,0,NO_PATTERN,0.0
116,1.0888162316489292,1.0892722683510712,1.0890442500000002,1687769340000000000,1.08908,1.08913,1.089065,1.08916,1.08916,1.08876,92.50000000000556,79.35654008439026,79.35654008439026,62.59845288326856,0,0,0,0,0,0,0,0,0,0,0,0,0,0,0,0,0,0,0,0,0,0,0,0,0,0,0,0,0,0,0,0,0,0,0,0,0,0,0,0,0,0,0,0,0,0,0,0,0,0,0,0,0,0,0,0,NO_PATTERN,0.0
117,1.0888435925502058,1.089224907449794,1.0890342499999999,1687769400000000000,1.089125,1.089125,1.08911,1.089335,1.089335,1.08876,63.47826086955716,78.9969730324686,78.9969730324686,74.16284473796941,0,0,0,0,0,0,0,0,0,0,0,0,0,0,100,0,0,0,0,0,0,100,0,0,0,0,100,0,0,0,0,0,0,0,0,100,0,0,0,0,0,0,0,0,0,0,0,100,0,0,0,0,0,0,0,0,CDLLONGLEGGEDDOJI_Bull,5.0
118,1.0888455187895576,1.0892409812104424,1.08904325,1687769460000000000,1.089115,1.089165,1.08907,1.08922,1.089335,1.08876,70.43478260869465,75.47101449275245,75.47101449275245,77.94150920320372,0,0,0,0,0,0,0,0,0,0,0,0,0,0,0,0,0,0,0,0,0,0,0,0,0,0,0,0,0,0,0,0,0,0,0,0,0,0,0,0,0,0,0,0,0,0,0,0,0,0,0,0,0,0,0,0,NO_PATTERN,0.0
119,1.088842128567758,1.0892558714322418,1.089049,1687769520000000000,1.089165,1.08918,1.089155,1.089265,1.089335,1.08876,73.04347826088568,68.98550724637916,68.98550724637916,74.48449825720002,0,0,0,0,0,0,0,0,0,0,0,0,0,0,100,0,0,0,0,0,0,100,0,0,0,0,0,0,0,0,0,0,0,0,0,100,0,0,0,0,0,0,0,0,0,0,0,0,0,0,0,0,0,0,0,0,CDLLONGLEGGEDDOJI_Bull,3.0
120,1.0888387382642555,1.0892482617357446,1.0890435,1687769580000000000,1.08918,1.08901,1.08901,1.08918,1.089335,1.08876,43.478260869580325,62.31884057972021,62.31884057972021,68.92512077295056,0,0,0,0,0,0,0,0,0,-100,0,-100,0,0,0,0,0,0,0,0,0,0,0,0,0,0,0,0,0,0,0,0,0,0,0,0,-100,0,0,0,0,0,0,0,0,0,0,0,0,0,0,0,0,0,0,0,CDLCLOSINGMARUBOZU_Bear,3.0
121,1.0888428244679442,1.0892526755320557,1.08904775,1687769640000000000,1.08901,1.08909,1.089,1.08915,1.089335,1.08876,57.391304347816686,57.97101449276088,57.97101449276088,63.09178743962003,0,0,0,0,0,0,0,0,0,0,0,0,0,0,0,0,0,0,0,0,0,0,0,0,0,0,0,0,0,0,0,0,0,0,0,0,0,0,0,0,0,0,0,0,0,0,0,0,0,0,0,0,0,0,0,0,NO_PATTERN,0.0
122,1.0888428244679442,1.0892526755320557,1.08904775,1687769700000000000,1.08909,1.0891,1.089085,1.089145,1.089335,1.08876,59.13043478261071,53.3333333333359,53.333333333335894,57.87439613527227,0,0,0,0,0,0,0,0,0,0,0,0,0,0,100,0,0,0,0,0,0,100,0,0,0,0,0,0,0,0,0,0,0,0,0,100,0,0,0,0,0,0,0,0,0,0,0,0,0,0,0,0,0,0,0,0,CDLLONGLEGGEDDOJI_Bull,3.0
123,1.0888412769625562,1.089249223037444,1.08904525,1687769760005275346,1.0891,1.08904,1.088905,1.08911,1.089335,1.08876,48.69565217392379,55.07246376811705,55.072463768117046,55.45893719807122,0,0,0,0,0,0,0,0,0,0,0,0,0,0,0,0,0,0,0,0,0,0,100,0,0,0,0,100,0,0,0,0,0,0,0,0,0,0,0,0,0,0,0,0,0,0,0,0,0,0,0,0,0,0,0,0,CDLHAMMER_Bull,2.0
124,1.08884116376801,1.0892503362319899,1.08904575,1687769820000000000,1.089035,1.08911,1.089,1.08912,1.089335,1.08876,60.869565217404734,56.231884057979734,56.23188405797973,54.87922705314417,0,0,0,0,0,0,0,0,0,0,0,100,0,0,0,0,0,100,0,0,0,0,0,0,0,0,0,0,0,0,0,0,0,0,0,0,0,0,0,0,0,0,0,0,0,0,0,0,0,0,0,0,0,0,0,0,CDLCLOSINGMARUBOZU_Bull,2.0
125,1.0888410062424723,1.0892514937575277,1.08904625,1687769880000000000,1.08912,1.089115,1.089,1.08914,1.089335,1.08876,61.73913043480175,57.10144927537675,57.101449275376744,56.13526570049112,0,0,0,0,100,0,0,0,0,0,0,0,0,0,100,-100,0,0,0,0,0,0,0,0,0,0,-100,0,0,0,0,0,0,0,0,100,0,0,0,0,0,0,0,0,0,0,0,-100,0,0,0,0,0,0,0,0,CDL3OUTSIDE_Bull,6.0
126,1.0888431219505006,1.0892543780494996,1.0890487500000001,1687769940000000000,1.089105,1.08908,1.089075,1.08917,1.089335,1.08878,54.05405405406162,58.88758323542269,58.88758323542269,57.406972189593,0,0,0,0,0,0,0,0,0,0,0,0,0,0,0,0,0,0,0,0,0,0,0,0,0,0,0,0,0,0,0,0,100,0,0,0,0,0,0,0,0,0,0,0,0,0,0,0,0,0,0,0,0,0,0,0,CDLINVERTEDHAMMER_Bull,1.0
127,1.0888379071063359,1.089273592893664,1.08905575,1687770000000000000,1.08908,1.08921,1.08906,1.089225,1.089335,1.08878,77.47747747748433,64.42355398878256,64.42355398878256,60.13752883319395,0,0,0,0,0,0,0,0,0,0,0,0,0,0,0,0,0,0,0,0,0,0,0,0,0,0,0,0,0,0,0,0,0,0,0,0,0,0,0,0,0,0,0,0,0,0,0,0,0,0,0,0,0,0,0,0,NO_PATTERN,0.0
128,1.0888524806545339,1.089290519345466,1.0890715,1687770060000000000,1.089205,1.089225,1.089075,1.08923,1.089335,1.088905,74.41860465119761,68.65004539424784,68.65004539424785,63.98706087281764,0,0,0,0,0,0,0,0,0,0,0,0,0,0,0,0,0,0,0,0,0,0,0,-100,0,0,0,0,0,0,0,0,0,0,0,0,0,0,0,0,0,0,0,0,0,0,0,0,0,0,0,0,0,0,0,0,CDLHANGINGMAN_Bear,1.0
129,1.088819789061105,1.089350210938895,1.089085,1687770120000000000,1.089225,1.08941,1.089225,1.089425,1.089425,1.088905,97.11538461536614,83.00382224801602,83.00382224801602,72.02580721034876,0,0,0,0,0,0,0,0,0,100,0,0,0,0,0,0,0,0,0,0,0,0,0,0,0,0,0,0,0,0,0,0,0,0,0,0,0,0,0,0,0,0,0,0,0,0,0,0,0,0,0,0,0,0,0,0,CDLBELTHOLD_Bull,1.0
130,1.0887790583437378,1.0894429416562625,1.0891110000000002,1687770180000000000,1.08939,1.08954,1.089365,1.089575,1.089575,1.088905,94.7761194029836,88.77003622318243,88.77003622318246,80.14130128848205,0,0,0,0,0,0,0,0,0,0,0,0,0,0,0,0,0,0,0,0,0,0,0,0,0,0,0,0,0,0,0,0,0,0,0,0,0,0,0,0,0,0,0,0,0,0,0,0,0,0,0,0,0,0,0,0,NO_PATTERN,0.0
131,1.088817148182027,1.0894648518179733,1.0891410000000001,1687770240000000000,1.089535,1.089405,1.0894,1.089565,1.089575,1.088905,74.62686567163932,88.83945656332968,88.8394565633297,86.87110501150933,0,0,0,0,0,0,0,0,0,0,0,-100,0,0,0,0,0,0,0,0,0,0,0,0,0,0,0,0,0,0,0,0,0,0,0,0,0,0,0,0,0,0,0,0,0,0,0,0,0,0,0,0,0,0,0,0,CDLCLOSINGMARUBOZU_Bear,1.0
132,1.0888567973213952,1.0894807026786053,1.0891687500000002,1687770300000000000,1.0894,1.0894,1.089225,1.08942,1.089575,1.088905,73.88059701491795,81.09452736318029,81.09452736318032,86.23467338323076,0,0,0,0,0,0,0,0,0,0,0,0,0,0,100,100,0,0,0,0,0,0,0,0,0,0,100,100,0,0,0,0,0,0,0,100,0,0,0,0,0,0,0,0,0,0,0,100,0,0,0,0,0,0,0,0,CDLLONGLEGGEDDOJI_Bull,6.0
133,1.0888887284924638,1.089479271507536,1.089184,1687770360000000000,1.08939,1.08925,1.089245,1.08939,1.089575,1.088905,51.49253731344273,66.66666666666666,66.6666666666667,78.86688353105883,0,0,0,0,0,0,0,0,0,-100,0,-100,0,0,0,0,0,0,0,0,0,0,0,0,0,0,0,0,0,0,0,0,0,0,0,0,-100,0,0,0,0,0,0,0,0,0,0,0,0,0,0,0,0,0,0,0,CDLCLOSINGMARUBOZU_Bear,3.0
134,1.088910101182672,1.0894853988173276,1.0891977499999999,1687770420000000000,1.089245,1.08929,1.089245,1.08943,1.089575,1.088905,57.462686567180505,60.94527363184705,60.945273631847094,69.56882255389797,0,0,0,0,0,0,0,0,0,0,0,0,0,0,0,0,0,0,0,0,0,0,0,0,0,0,0,0,0,0,0,0,0,0,0,0,0,0,0,0,0,0,0,0,0,0,0,0,0,0,0,0,0,0,0,0,NO_PATTERN,0.0
135,1.088922906578096,1.0894960934219038,1.0892095,1687770480003643603,1.08929,1.089315,1.08925,1.089315,1.089575,1.088905,61.194029850754184,56.716417910459135,56.71641791045917,61.442786069657586,0,0,0,0,0,0,0,0,0,0,0,0,0,0,0,0,0,0,0,0,0,0,0,0,0,0,0,0,0,0,0,0,0,0,0,0,0,0,0,0,0,0,0,0,0,0,0,0,0,0,0,0,0,0,0,0,NO_PATTERN,0.0
136,1.0889313262891502,1.0895031737108496,1.08921725,1687770540000000000,1.089315,1.089285,1.0891,1.089325,1.089575,1.088905,56.716417910459135,58.45771144279794,58.45771144279797,58.706467661701346,0,0,0,0,0,0,0,0,0,0,0,0,0,0,0,0,0,0,0,0,0,0,100,-100,0,0,0,0,0,0,0,0,0,0,0,0,0,0,0,0,0,0,0,0,0,0,0,0,0,0,0,0,0,0,0,0,CDLHAMMER_Bull,2.0
137,1.0889405172773983,1.0895154827226015,1.0892279999999999,1687770600000000000,1.089285,1.08934,1.08924,1.089385,1.089575,1.089,59.13043478261071,59.013627514608004,59.01362751460804,58.06258562262166,0,0,0,0,0,0,0,0,0,0,0,0,0,0,0,0,0,0,0,0,0,0,0,0,0,0,0,0,0,0,0,0,0,0,0,0,0,0,0,0,0,0,0,0,0,0,0,0,0,0,0,0,0,0,0,0,NO_PATTERN,0.0
138,1.0889449072827815,1.0895330927172182,1.0892389999999998,1687770660000000000,1.08934,1.089385,1.089285,1.08939,1.089575,1.089,66.95652173914522,60.93445814407168,60.93445814407172,59.468599033825846,0,0,0,0,0,0,0,0,0,0,0,0,0,0,0,0,0,0,0,0,0,0,0,0,0,0,0,0,0,0,0,0,0,0,0,0,0,0,0,0,0,0,0,0,0,0,0,0,0,0,0,0,0,0,0,0,NO_PATTERN,0.0
139,1.0889419701828236,1.0895665298171764,1.08925425,1687770720000000000,1.08938,1.089485,1.08931,1.089495,1.089575,1.08906,82.52427184467652,69.53707612214414,69.53707612214417,63.1617205936079,0,0,0,0,0,0,0,0,0,0,0,100,0,0,0,0,0,0,0,0,0,0,0,0,0,0,0,0,0,0,0,0,0,0,0,0,0,0,0,0,0,0,0,0,0,0,0,0,0,0,0,0,0,0,0,0,CDLCLOSINGMARUBOZU_Bull,1.0
140,1.0889779103615136,1.0895680896384863,1.089273,1687770780000000000,1.089475,1.089385,1.089365,1.089485,1.089575,1.08906,63.10679611652495,70.86252990011555,70.86252990011559,67.11135472211042,0,0,0,0,0,0,0,0,0,-100,0,0,0,0,0,0,0,0,0,0,0,0,0,0,0,0,0,0,0,0,0,0,0,0,0,0,0,0,0,0,0,0,0,0,0,0,0,0,0,0,0,0,0,0,0,0,CDLBELTHOLD_Bear,1.0
141,1.089000172465067,1.0895798275349327,1.0892899999999999,1687770840000000000,1.089385,1.08943,1.089295,1.08946,1.089575,1.089075,70.99999999998445,72.21035598706197,72.210355987062,70.86998733644052,0,0,0,0,0,0,0,0,0,0,0,0,0,0,0,0,0,0,0,0,0,0,0,0,0,0,0,100,0,0,0,0,0,0,0,0,0,0,0,0,0,0,0,0,0,0,0,0,0,0,0,0,0,0,0,0,CDLHIKKAKE_Bull,1.0
142,1.0890231842700882,1.0895928157299122,1.0893080000000002,1687770900000000000,1.08942,1.08946,1.08942,1.089505,1.089575,1.0891,75.78947368423907,69.96542326691615,69.96542326691618,71.01276971803118,0,0,0,0,0,0,0,0,0,0,0,0,0,0,0,0,0,0,0,0,0,0,0,0,0,0,0,0,0,0,0,0,0,0,0,0,0,0,0,0,0,0,0,0,0,0,0,0,0,0,0,0,0,0,0,0,NO_PATTERN,0.0
143,1.0890473911275054,1.0896276088724948,1.0893375,1687770960000000000,1.089465,1.08963,1.08945,1.08963,1.08963,1.0891,100.0,82.26315789474117,82.2631578947412,74.81297904957306,0,0,0,0,0,0,0,0,0,0,0,100,0,0,0,0,0,0,0,0,0,0,0,0,0,0,0,200,0,0,0,0,0,0,0,0,0,0,0,0,0,0,0,0,0,0,0,0,0,0,0,0,0,0,0,0,CDLCLOSINGMARUBOZU_Bull,2.0
144,1.0890593399719843,1.0896721600280157,1.08936575,1687771020000000000,1.08963,1.089675,1.0896,1.08969,1.08969,1.0891,97.4576271186278,91.08236693428894,91.08236693428898,81.10364936531538,0,0,0,0,0,0,0,0,0,0,0,0,0,0,0,0,0,0,0,0,0,0,0,0,0,0,0,0,0,0,0,0,0,0,0,0,0,0,0,0,0,0,0,0,0,0,0,0,0,0,0,0,0,0,0,0,NO_PATTERN,0.0
145,1.0890872649800338,1.0896957350199663,1.0893915,1687771080000000000,1.08968,1.08963,1.089615,1.0897,1.0897,1.0891,88.33333333336664,95.26365348399816,95.26365348399817,89.53639277100937,0,0,0,0,0,0,0,0,0,0,0,0,0,0,0,0,0,0,0,0,0,0,0,0,0,0,0,0,0,0,0,0,0,0,0,0,0,0,0,0,0,0,0,0,0,0,0,0,0,0,0,0,0,0,0,0,NO_PATTERN,0.0
146,1.0891365301736182,1.0896994698263818,1.089418,1687771140000000000,1.08962,1.08961,1.089605,1.089675,1.0897,1.0891,85.0000000000111,90.26365348400185,90.26365348400186,92.20322463409626,0,0,0,0,0,0,0,0,0,0,0,0,0,0,100,0,0,0,0,0,0,100,0,0,0,0,0,0,0,0,0,0,100,0,0,100,0,0,0,0,0,0,0,0,0,0,0,0,0,0,0,0,0,0,0,0,CDLINVERTEDHAMMER_Bull,4.0
147,1.08916112318997,1.08971587681003,1.0894385,1687771200000000000,1.08961,1.08962,1.089495,1.089635,1.0897,1.0891,86.66666666668887,86.66666666668887,86.6666666666889,90.73132454489622,0,0,0,0,0,0,0,0,0,0,0,0,0,0,100,0,0,0,0,0,0,0,0,0,0,0,0,0,0,0,0,0,0,0,0,100,0,0,0,0,0,0,0,0,0,0,0,100,0,0,0,0,0,0,0,0,CDLLONGLEGGEDDOJI_Bull,3.0
148,1.0891835378166967,1.0897384621833033,1.089461,1687771260000000000,1.089625,1.089675,1.089565,1.08968,1.0897,1.0891,95.83333333334258,89.16666666668084,89.16666666668088,88.69899560579047,0,0,0,0,0,0,0,0,0,0,0,0,0,0,0,0,0,0,0,0,0,0,0,-100,0,0,0,0,0,0,0,0,0,0,0,0,0,0,0,0,0,0,0,0,0,0,0,0,0,0,0,0,0,0,0,0,CDLHANGINGMAN_Bear,1.0
149,1.0891876590737752,1.0897528409262247,1.08947025,1687771320000000000,1.08967,1.089595,1.08959,1.089725,1.089725,1.0891,79.2000000000091,87.23333333334683,87.23333333334688,87.68888888890548,0,0,0,0,0,0,0,0,0,0,0,-100,0,0,0,0,0,0,0,0,0,0,0,0,0,0,0,0,0,0,0,0,0,0,0,0,0,0,0,0,0,0,0,0,0,0,0,0,0,0,0,0,0,0,0,0,CDLCLOSINGMARUBOZU_Bear,1.0
150,1.0891871657915182,1.0897568342084818,1.089472,1687771380000000000,1.089595,1.089575,1.08957,1.089715,1.089725,1.08924,69.0721649484385,81.36849942726339,81.36849942726343,85.92283314243032,0,0,0,0,0,0,0,0,0,0,0,0,0,0,0,0,0,0,0,0,0,0,0,0,0,0,0,0,0,0,0,0,0,0,0,0,0,0,0,0,0,0,0,0,0,0,0,0,0,0,0,0,0,0,0,0,NO_PATTERN,0.0
151,1.0891876547194879,1.0897568452805122,1.08947225,1687771440000000000,1.089585,1.08941,1.08941,1.089625,1.089725,1.089285,28.409090909075427,58.89375195250767,58.89375195250771,75.83186157103925,0,0,0,0,0,0,0,0,0,0,0,-100,0,0,0,0,0,0,0,0,0,0,0,0,0,0,0,0,0,0,0,0,0,0,0,0,0,0,0,0,0,0,0,0,0,0,0,0,0,0,0,0,0,0,0,0,CDLCLOSINGMARUBOZU_Bear,1.0
152,1.0891829673590432,1.0897575326409568,1.08947025,1687771500000000000,1.0894,1.08936,1.08934,1.089425,1.089725,1.089295,15.116279069809472,37.53251164244113,37.532511642441165,59.26492100740402,0,0,0,0,0,0,0,0,0,0,0,0,0,0,0,0,0,0,0,0,0,0,0,0,0,0,0,0,0,0,0,0,0,0,0,0,0,0,0,0,0,0,0,0,0,0,0,0,0,0,0,0,0,0,0,0,NO_PATTERN,0.0
153,1.0892001794843993,1.0897498205156007,1.089475,1687771560000000000,1.089355,1.089345,1.089275,1.089385,1.089725,1.089275,15.555555555556651,19.693641844813843,19.693641844813882,38.70663514658751,0,0,0,0,0,0,0,0,0,0,0,0,0,0,100,0,0,0,0,0,0,0,0,0,0,0,-100,0,0,0,0,0,0,0,0,100,0,0,0,0,0,0,0,100,0,0,0,-100,0,0,0,0,0,0,0,0,CDLRICKSHAWMAN_Bull,5.0
154,1.089215922658846,1.089744077341154,1.08948,1687771620000000000,1.089345,1.08939,1.089345,1.08949,1.089725,1.089275,25.555555555571456,18.742463393645853,18.74246339364589,25.322872293633566,0,0,0,0,0,0,0,0,0,0,0,0,0,0,0,0,0,0,0,0,0,0,0,0,0,0,0,0,0,0,0,0,0,0,0,0,0,0,0,0,0,0,0,0,0,0,0,0,0,0,0,0,0,0,0,0,NO_PATTERN,0.0
155,1.0892140728368214,1.0897449271631785,1.0894795,1687771680000000000,1.089385,1.089305,1.08924,1.089385,1.089725,1.08924,13.402061855664439,18.17105765559751,18.171057655597547,18.869054298019027,0,0,0,0,0,0,0,0,0,-100,0,0,0,0,0,0,0,0,0,0,0,0,0,0,0,0,0,0,0,0,0,0,0,0,0,0,0,0,0,0,0,0,0,0,0,0,0,0,0,0,0,0,0,0,0,0,CDLBELTHOLD_Bear,1.0
156,1.0892417478641472,1.0897407521358529,1.08949125,1687771740000000000,1.08931,1.08952,1.089295,1.08952,1.089725,1.08924,57.73195876289037,32.22985872470875,32.229858724708784,23.047793257983994,0,0,0,0,0,0,0,0,0,0,0,100,0,0,0,0,0,0,0,0,0,0,0,0,0,0,0,0,0,0,0,0,0,0,0,0,0,0,0,0,0,0,0,0,0,0,0,0,0,0,0,0,0,0,0,0,CDLCLOSINGMARUBOZU_Bull,1.0
157,1.0892614978070159,1.0897415021929844,1.0895015000000001,1687771800000000000,1.08953,1.089545,1.089505,1.08959,1.089725,1.08924,62.88659793813536,44.67353951889672,44.67353951889675,31.69148529973428,0,0,0,0,0,0,0,0,0,0,0,0,0,0,0,0,0,0,0,0,0,0,0,0,0,0,0,0,0,0,0,0,0,0,0,0,0,0,0,0,0,0,0,0,0,0,0,100,0,0,0,0,0,0,0,0,CDLSPINNINGTOP_Bull,1.0
158,1.0892744649975914,1.089751535002409,1.0895130000000002,1687771860000000000,1.08954,1.089615,1.08946,1.089615,1.089725,1.08924,77.31958762885796,65.97938144329456,65.9793814432946,47.627593228966624,0,0,0,0,0,0,0,0,0,0,0,100,0,0,0,0,0,0,0,0,0,0,0,0,0,0,0,0,0,0,0,0,0,0,0,0,0,0,0,0,0,0,0,0,0,0,0,0,0,0,0,0,0,0,0,0,CDLCLOSINGMARUBOZU_Bull,1.0
159,1.0892774385216488,1.0897545614783515,1.0895160000000002,1687771920000000000,1.089615,1.089545,1.089485,1.089635,1.089725,1.08924,62.88659793813536,67.69759450170956,67.69759450170959,59.45017182130024,0,0,0,0,0,0,0,0,0,0,0,0,0,0,0,0,0,0,0,0,0,0,0,0,0,0,0,0,0,0,0,0,0,0,0,0,0,0,0,0,0,0,0,0,0,0,0,0,0,0,0,0,0,0,0,0,NO_PATTERN,0.0
160,1.0892937789847341,1.089756221015266,1.089525,1687771980000000000,1.089545,1.089565,1.08949,1.08958,1.089725,1.08924,67.0103092783222,69.0721649484385,69.07216494843853,67.58304696448083,0,0,0,0,0,0,0,0,0,0,0,0,0,0,0,0,0,0,0,0,0,0,0,0,0,0,0,0,0,0,0,0,0,0,0,0,0,0,0,0,0,0,0,0,0,0,0,0,0,0,0,0,0,0,0,0,NO_PATTERN,0.0
161,1.0892957322661174,1.089755767733883,1.0895257500000002,1687772040000000000,1.089575,1.089445,1.089405,1.089575,1.089725,1.08924,42.26804123710963,57.38831615118905,57.38831615118909,64.71935853377899,0,0,0,0,0,0,0,0,0,-100,0,0,0,0,0,0,0,-100,0,0,0,0,0,0,0,0,0,100,0,0,0,0,0,0,0,0,0,0,0,0,0,0,0,0,0,0,0,0,0,0,0,0,0,0,0,0,CDLBELTHOLD_Bear,3.0
162,1.0893025954685716,1.0897599045314281,1.0895312499999998,1687772100000000000,1.08945,1.08957,1.0894,1.08957,1.089725,1.08924,68.04123711338035,59.10652920960405,59.10652920960408,61.85567010307716,0,0,0,0,0,0,0,0,0,0,0,100,0,0,0,0,0,0,0,0,0,0,0,0,0,0,0,0,0,0,0,0,0,0,0,0,0,0,0,0,0,0,0,0,0,0,0,0,0,0,0,0,0,0,0,0,CDLCLOSINGMARUBOZU_Bull,1.0
163,1.0892979718093916,1.089748528190608,1.0895232499999998,1687772160000000000,1.08956,1.08947,1.08946,1.089605,1.089715,1.08924,48.421052631568614,52.91011032735285,52.91011032735289,56.468318562715275,0,0,0,0,0,0,0,0,0,0,0,-100,0,0,0,0,0,0,0,0,0,0,0,0,0,0,0,0,0,0,0,0,0,0,0,0,0,0,0,0,0,0,0,0,0,0,0,0,0,0,0,0,0,0,0,0,CDLCLOSINGMARUBOZU_Bear,1.0
164,1.089302642788171,1.089735857211829,1.08951925,1687772220000000000,1.089465,1.089595,1.089465,1.08963,1.089635,1.08924,89.8734177215631,68.778569155504,68.77856915550404,60.2650695641536,0,0,0,0,0,0,0,0,0,100,0,0,0,0,0,0,0,100,0,0,0,0,0,0,0,0,0,200,0,0,0,0,0,0,0,0,0,0,0,0,0,0,0,0,0,0,0,0,0,0,0,0,0,0,0,0,CDLBELTHOLD_Bull,3.0
165,1.0892971231226412,1.0897478768773587,1.0895225,1687772280000000000,1.089605,1.089695,1.089605,1.089745,1.089745,1.08924,90.09900990101274,76.13116008471481,76.13116008471484,65.93994652252384,0,0,0,0,100,0,0,0,0,0,0,0,0,0,0,0,0,0,0,0,0,0,0,0,0,0,0,0,0,0,0,0,0,0,0,0,0,0,0,0,0,0,0,0,0,0,0,0,0,0,0,0,0,0,0,0,CDL3OUTSIDE_Bull,1.0
166,1.0892973974270066,1.0897466025729936,1.089522,1687772340000000000,1.08969,1.0896,1.089595,1.089735,1.089745,1.08924,71.2871287128578,83.75318544514454,83.75318544514455,76.22097156178774,0,0,0,0,0,0,0,0,0,0,0,0,0,0,0,0,0,0,0,0,0,0,0,0,0,0,0,0,0,0,0,0,0,0,0,0,0,0,0,0,0,0,0,0,0,0,0,0,0,0,100,0,0,0,0,0,CDLTASUKIGAP_Bull,1.0
167,1.0892981747613772,1.0897433252386226,1.08952075,1687772400000000000,1.08959,1.089595,1.08946,1.08962,1.089745,1.08924,70.29702970299424,77.22772277228825,77.22772277228826,79.0373561007158,0,0,0,0,0,0,0,0,0,0,0,0,0,0,100,0,0,0,0,0,0,0,0,0,0,0,100,0,0,0,0,0,0,0,0,100,0,0,0,0,0,0,0,0,0,0,0,100,0,0,0,0,0,0,0,0,CDLLONGLEGGEDDOJI_Bull,4.0
168,1.0892924100007169,1.0897540899992832,1.08952325,1687772460000000000,1.089595,1.089725,1.08957,1.08975,1.08975,1.08924,95.0980392156978,78.89406587718327,78.89406587718328,79.95832469820527,0,0,0,0,0,0,0,0,0,0,0,0,0,0,0,0,0,0,0,0,0,0,0,0,0,0,0,0,0,0,0,0,0,0,0,0,0,0,0,0,0,0,0,0,0,0,0,0,0,0,0,0,0,0,0,0,NO_PATTERN,0.0
169,1.0892783670985589,1.0897851329014414,1.0895317500000001,1687772520000000000,1.08973,1.089765,1.089685,1.089805,1.089805,1.089295,92.15686274513389,85.85064388794196,85.85064388794198,80.65747751247109,0,0,0,0,0,0,0,0,0,0,0,0,0,0,0,0,0,0,0,0,0,0,0,0,0,0,0,0,0,0,0,0,0,0,0,0,0,0,0,0,0,0,0,0,0,0,0,100,0,0,0,0,0,0,0,0,CDLSPINNINGTOP_Bull,1.0
170,1.0892663502904758,1.0898171497095241,1.08954175,1687772580000000000,1.089765,1.089775,1.08969,1.08981,1.08981,1.0894,91.46341463414502,92.90610553165891,92.90610553165891,85.88360509892799,0,0,0,0,0,0,0,0,-100,0,0,0,0,0,100,0,0,0,0,0,0,0,0,0,0,0,100,0,0,0,0,0,0,0,0,100,0,0,0,0,0,0,0,100,0,0,0,100,0,0,0,0,0,0,0,0,CDLRICKSHAWMAN_Bull,6.0
171,1.089275723592443,1.0898417764075568,1.08955875,1687772640000000000,1.089785,1.08975,1.089735,1.089855,1.089855,1.0894,76.92307692307692,86.84778476745193,86.84778476745196,88.53484472901755,0,0,0,0,0,0,0,0,0,0,0,0,0,0,0,0,0,-100,0,0,0,0,0,0,0,0,0,0,0,0,0,0,0,0,0,0,0,0,0,0,0,0,0,0,0,0,0,0,0,0,0,0,0,0,0,0,CDLENGULFING_Bear,1.0
172,1.0892954698447075,1.0898650301552926,1.08958025,1687772700000000000,1.089745,1.08979,1.08967,1.0898,1.089855,1.0894,85.71428571429269,84.70025909050487,84.70025909050489,88.15138312987183,0,0,0,0,0,0,0,0,0,0,0,0,0,0,0,0,0,100,0,0,0,0,100,0,0,0,0,0,0,0,0,0,0,0,0,0,0,0,0,0,0,0,0,0,0,0,0,0,0,0,0,0,0,0,0,0,CDLHAMMER_Bull,2.0
173,1.0893231702430564,1.0898843297569436,1.08960375,1687772760000000000,1.08979,1.089815,1.08973,1.089815,1.089855,1.0894,91.20879120878423,84.6153846153846,84.61538461538463,85.38780949111374,0,0,0,0,100,0,0,0,0,0,0,0,0,0,0,0,0,0,0,0,0,0,0,-100,0,0,0,0,0,0,0,0,0,0,0,0,0,0,0,0,0,0,0,0,0,0,0,0,0,0,0,0,0,0,0,0,CDL3OUTSIDE_Bull,2.0
174,1.0893524259832659,1.0898920740167344,1.0896222500000001,1687772820000000000,1.089825,1.08976,1.089755,1.0899,1.0899,1.0894,72.00000000000355,82.97435897436016,82.97435897436017,84.09666756008315,0,0,0,0,0,0,0,0,0,0,0,-100,0,0,0,0,0,-100,0,0,0,0,0,0,0,0,0,0,0,0,0,0,0,0,0,0,0,0,0,0,0,0,0,0,0,0,0,0,0,0,0,0,0,0,0,0,CDLCLOSINGMARUBOZU_Bear,2.0
175,1.0894129348485524,1.0898785651514478,1.08964575,1687772880000000000,1.08976,1.089775,1.08973,1.089815,1.0899,1.0894,74.9999999999778,79.40293040292185,79.40293040292188,82.3308913308888,0,0,0,0,0,0,0,0,0,0,0,0,0,0,0,0,0,0,0,0,0,0,0,0,0,0,100,0,0,0,0,0,0,0,0,0,0,0,0,0,0,0,0,0,0,0,0,100,0,0,0,0,0,0,0,0,CDLHIGHWAVE_Bull,2.0
176,1.0894285811064095,1.0898809188935905,1.08965475,1687772940000000000,1.089765,1.0897,1.0897,1.089815,1.0899,1.08946,54.54545454540867,67.18181818179666,67.18181818179669,76.51970251969283,0,0,0,0,0,0,0,0,0,0,0,-100,0,0,0,0,0,0,0,0,0,0,0,0,0,0,0,0,0,0,0,0,0,0,0,0,0,0,0,0,0,0,0,0,0,0,0,0,0,0,0,0,0,0,0,0,CDLCLOSINGMARUBOZU_Bear,1.0
177,1.0894370491981193,1.0898999508018805,1.0896685,1687773000000000000,1.08973,1.08982,1.08964,1.08983,1.0899,1.08946,81.81818181816347,70.45454545451663,70.45454545451666,72.34643134641165,0,0,0,0,0,0,0,0,0,0,0,100,0,0,0,0,0,0,0,0,0,0,0,0,0,0,0,0,0,0,0,0,0,0,0,0,0,0,0,0,0,0,0,0,0,0,0,0,0,0,0,0,0,0,0,0,CDLCLOSINGMARUBOZU_Bull,1.0
178,1.0893944449008786,1.0899905550991218,1.0896925000000002,1687773060000000000,1.089815,1.090095,1.089795,1.090095,1.090095,1.08946,100.0,78.78787878785737,78.7878787878574,72.14141414139016,0,0,0,0,0,0,0,0,0,0,0,100,0,0,0,0,0,0,0,0,0,0,0,0,0,0,0,0,0,0,0,0,0,0,0,0,0,0,0,0,0,0,0,0,0,0,0,0,0,0,0,0,0,0,0,0,CDLCLOSINGMARUBOZU_Bull,1.0
179,1.0894117704983752,1.0899997295016248,1.08970575,1687773120000000000,1.090095,1.08981,1.08979,1.090125,1.090125,1.08946,52.63157894735261,78.14992025517202,78.14992025517203,75.7974481658486,0,0,0,0,0,0,0,0,0,0,0,0,0,0,0,0,0,0,0,0,0,0,0,0,0,0,0,0,0,0,0,0,0,0,0,0,0,0,0,0,0,0,0,0,0,0,0,0,0,0,0,0,0,0,0,0,NO_PATTERN,0.0
180,1.0894283195139183,1.0900026804860818,1.0897155,1687773180000000000,1.089805,1.08976,1.08976,1.08992,1.090125,1.08946,45.11278195488797,65.91478696741352,65.91478696741353,74.28419533681422,0,0,0,0,0,0,0,0,0,0,0,0,0,0,0,0,0,0,0,0,0,0,0,0,0,0,0,0,0,0,0,0,100,0,0,0,0,0,0,0,0,0,0,0,0,0,0,0,0,0,0,0,0,0,0,0,CDLINVERTEDHAMMER_Bull,1.0
181,1.089473488890674,1.089989011109326,1.08973125,1687773240000000000,1.08975,1.08976,1.08962,1.089775,1.090125,1.08957,34.234234234253336,43.99286504549796,43.99286504549798,62.685857422694426,0,0,0,0,0,0,0,0,0,0,0,0,0,0,100,0,100,0,0,0,0,0,100,0,0,0,0,0,0,0,0,0,0,0,0,100,0,0,0,0,0,0,0,0,0,0,0,100,0,100,0,0,0,0,0,0,CDLLONGLEGGEDDOJI_Bull,6.0
182,1.0894940324385811,1.0899964675614189,1.08974525,1687773300000000000,1.08976,1.08985,1.089715,1.089855,1.090125,1.08962,45.544554455438146,41.63052354819314,41.63052354819316,50.512725187034796,0,0,0,0,0,0,0,0,0,0,0,0,0,0,0,0,0,0,0,0,0,0,0,0,0,0,0,0,0,0,0,0,0,0,0,0,0,0,0,0,0,0,0,0,0,0,0,0,0,0,0,0,0,0,0,0,NO_PATTERN,0.0
183,1.0895457754644469,1.0899777245355533,1.08976175,1687773360000000000,1.08986,1.0898,1.08975,1.089875,1.090125,1.08962,35.64356435645088,38.47411768204745,38.47411768204746,41.36583542524611,0,0,0,0,0,0,0,0,0,0,0,0,0,0,0,0,0,0,0,0,0,0,0,0,0,0,0,0,0,0,0,0,0,0,0,0,0,0,0,0,0,0,0,0,0,0,0,0,0,0,0,0,0,0,0,0,NO_PATTERN,0.0
184,1.089570565222586,1.0899749347774141,1.08977275,1687773420000000000,1.0898,1.089815,1.089775,1.08992,1.090125,1.08962,38.61386138612947,39.93399339933949,39.933993399339506,40.012878209859956,0,0,0,0,0,0,0,0,0,0,0,0,0,0,100,0,0,0,0,0,0,0,0,0,0,0,0,0,0,0,0,0,0,0,0,100,0,0,0,0,0,0,0,100,0,0,0,100,0,0,0,0,0,0,0,0,CDLRICKSHAWMAN_Bull,4.0
185,1.0895776071789238,1.0899868928210763,1.08978225,1687773480000000000,1.089815,1.089885,1.089745,1.08989,1.090125,1.08962,52.47524752474681,42.24422442244238,42.24422442244239,40.217445167943026,0,0,0,0,0,0,0,0,0,0,0,0,0,0,0,0,0,0,0,0,0,0,0,0,0,0,0,0,0,0,0,0,0,0,0,0,0,0,0,0,0,0,0,0,0,0,0,0,0,0,0,0,0,0,0,0,NO_PATTERN,0.0
186,1.0895903282883006,1.089980171711699,1.0897852499999998,1687773540001702170,1.08989,1.08966,1.08962,1.0899,1.090125,1.08962,7.920792079216192,33.00330033003082,33.00330033003083,38.39383938393748,0,0,0,0,0,0,0,0,0,-100,0,0,0,0,0,0,0,-100,0,0,0,0,0,0,0,0,0,0,0,0,0,0,0,0,0,0,0,0,0,0,0,0,0,0,0,0,0,0,0,0,0,0,0,0,0,0,CDLBELTHOLD_Bear,2.0
187,1.08960703412695,1.0899709658730503,1.0897890000000001,1687773600000000000,1.08967,1.08967,1.08964,1.089735,1.090125,1.08962,9.900990098987263,23.432343234316747,23.432343234316765,32.8932893289299,0,0,0,0,0,0,0,0,0,0,0,0,0,0,100,0,0,0,0,0,0,0,0,0,100,100,100,0,0,0,0,0,0,0,0,100,0,0,0,0,0,0,0,100,0,0,0,100,0,0,0,0,0,0,0,0,CDLRICKSHAWMAN_Bull,7.0
188,1.0895706017984133,1.0899898982015868,1.08978025,1687773660000000000,1.089665,1.08955,1.089535,1.089675,1.090125,1.089535,2.542372881372198,6.7880516865252085,6.788051686525228,21.07456508362418,0,0,0,0,0,0,0,0,0,-100,0,-100,0,0,0,0,0,0,0,0,0,0,0,0,0,0,0,100,0,0,0,0,0,0,0,0,-100,0,0,0,0,0,0,0,0,-100,0,0,0,0,0,0,0,0,0,0,CDLSEPARATINGLINES_Bear,5.0
189,1.0895609238769017,1.089990576123098,1.0897757499999998,1687773720000000000,1.08955,1.089675,1.08947,1.089675,1.090125,1.08947,31.29770992366231,14.580357634673916,14.580357634673936,14.933584185171881,0,0,0,0,0,0,0,0,0,0,0,100,0,0,0,0,0,0,0,0,0,0,0,0,0,0,0,0,0,0,0,0,0,0,0,0,0,0,0,0,0,0,0,0,0,0,0,0,0,0,0,0,0,0,0,0,CDLCLOSINGMARUBOZU_Bull,1.0
190,1.089545755974897,1.089992244025103,1.089769,1687773780000000000,1.089675,1.08964,1.08957,1.089705,1.090125,1.08947,25.954198473280115,19.931427092771532,19.931427092771553,13.766612137990144,0,0,0,0,0,0,0,0,0,0,0,0,0,0,0,0,0,0,0,0,0,0,0,0,0,0,0,0,0,0,0,0,0,0,0,0,0,0,0,0,0,0,0,0,0,0,0,0,0,0,0,0,0,0,0,0,NO_PATTERN,0.0
191,1.0895067247622612,1.090007775237739,1.0897572500000001,1687773840000000000,1.089645,1.089515,1.089405,1.089645,1.090125,1.089405,15.277777777784202,24.1765620582422,24.176562058242222,19.56278226189581,0,0,0,0,0,0,0,0,0,-100,0,0,0,0,0,0,0,0,0,0,0,0,0,0,0,0,0,0,0,0,0,0,0,0,0,0,0,0,0,0,0,0,0,0,0,0,0,0,0,0,0,0,0,0,0,0,CDLBELTHOLD_Bear,1.0
192,1.0894855787831126,1.0900084212168875,1.089747,1687773900000000000,1.089515,1.089585,1.08949,1.08959,1.090125,1.089405,25.00000000000771,22.077325417024,22.077325417024024,22.06177152267917,0,0,0,0,0,0,0,0,0,0,0,0,0,0,0,0,0,0,0,0,0,0,0,0,0,0,0,0,0,0,0,0,0,0,0,0,0,0,0,0,0,0,0,0,0,0,0,0,0,0,0,0,0,0,0,0,NO_PATTERN,0.0
193,1.0894797339221147,1.0900012660778853,1.0897405,1687773960000000000,1.089575,1.089685,1.08957,1.08971,1.08992,1.089405,54.36893203884165,31.548903272211177,31.548903272211202,25.934263582492388,0,0,0,0,0,0,0,0,0,100,0,0,0,0,0,0,0,0,0,0,0,0,0,0,0,0,0,-100,0,0,0,0,0,0,0,0,0,0,0,0,0,0,0,0,0,0,0,0,0,0,0,0,0,0,0,0,CDLBELTHOLD_Bull,2.0
194,1.0894797339221147,1.0900012660778853,1.0897405,1687774020000000000,1.089685,1.08976,1.089645,1.089775,1.08992,1.089405,68.93203883496611,49.433656957938474,49.4336569579385,34.35329521572448,0,0,0,0,0,0,0,0,0,0,0,0,0,0,0,0,0,0,0,0,0,0,0,0,0,0,0,0,0,0,0,0,0,0,0,0,0,0,0,0,0,0,0,0,0,0,0,0,0,0,0,0,0,0,0,0,NO_PATTERN,0.0
195,1.0894715631454497,1.0899974368545504,1.0897345,1687774080000000000,1.08975,1.089655,1.08965,1.08982,1.08992,1.089405,48.54368932040049,57.281553398069406,57.281553398069434,46.08803787607295,0,0,0,0,0,0,0,0,0,0,0,0,0,0,0,0,0,0,0,0,0,0,0,0,0,0,0,0,0,0,0,0,0,0,0,0,0,0,0,0,0,0,0,0,0,0,0,0,0,0,0,0,0,0,0,0,NO_PATTERN,0.0
196,1.0894746822142523,1.0899998177857477,1.08973725,1687774140000000000,1.089645,1.089755,1.089645,1.08977,1.08992,1.089405,67.96116504855206,61.81229773463954,61.81229773463957,56.17583603021575,0,0,0,0,0,0,0,0,0,100,0,100,0,0,0,0,0,100,0,0,0,0,0,0,0,0,0,0,0,0,0,0,0,0,0,0,100,0,0,0,0,0,0,0,0,0,0,0,0,0,0,0,0,0,0,0,CDLBELTHOLD_Bull,4.0
197,1.089473859257862,1.0900036407421378,1.08973875,1687774200000000000,1.089755,1.08985,1.089745,1.08987,1.08992,1.089405,86.40776699028959,67.6375404530807,67.63754045308073,62.24379719526316,0,0,0,0,100,0,0,0,0,100,0,0,0,0,0,0,0,0,0,0,0,0,0,0,0,0,0,0,0,0,0,0,0,0,0,0,0,0,0,0,0,0,0,0,0,0,0,0,0,0,0,0,0,0,0,0,CDL3OUTSIDE_Bull,2.0
198,1.0895098173411761,1.089947182658824,1.0897285,1687774260000000000,1.08986,1.08989,1.089795,1.09001,1.09001,1.089405,80.16528925621412,78.17807376501858,78.17807376501861,69.20930398424622,0,0,0,0,0,0,0,0,-100,0,0,0,0,0,0,0,0,0,0,0,0,0,0,0,0,0,100,0,0,0,0,0,0,0,0,0,0,0,0,0,0,0,0,0,0,0,0,100,0,0,0,0,0,0,0,0,CDLADVANCEBLOCK_Bear,3.0
199,1.0895057165261592,1.089958283473841,1.0897320000000001,1687774263000000000,1.089895,1.08988,1.08988,1.089895,1.09001,1.089405,78.51239669421973,81.69515098024114,81.69515098024117,75.83692173278008,0,0,0,0,0,0,0,0,0,0,0,0,0,0,100,0,0,0,0,0,0,0,0,0,0,0,0,0,0,0,0,0,0,0,0,0,0,0,0,0,0,0,0,0,0,0,0,0,0,0,0,0,0,0,0,0,CDLDOJI_Bull,1.0
